Power,Peak Frequency (MHz),Bandwidth (kHz),Noise Floor,Spectral Centroid (MHz),Entropy,Peak Amplitude,RMS,Crest Factor,Zero Crossings,Kurtosis,Skewness,FFT Peaks,SNR (dB),Harmonic Energy
2.5216701748544827,0.11376953125,0.0,66.45210953528263,0.49114503909158763,11.718673518521657,10.581369945818341,1.5879767551367,6.66342873822532,723,4.256884120110011,-0.1021607919551201,1,30.815438608731206,42306605.20429143
